# x_m,y_m,w_tr_right_m,w_tr_left_m
-0.10988217938828931,-0.3074153857783114,0.6453350511498844,0.6542131789205419
-0.05916309694426295,-0.3048372425112063,0.6458323356034161,0.6537622009767857
-0.008558386434294463,-0.30242440242186164,0.6464513654330282,0.6534654045265837
0.041935779101188946,-0.3001704878414728,0.6485898507135596,0.6512534105353497
0.09232322650382142,-0.298069121092815,0.6507169302175954,0.6491540867487553
0.14260778263237267,-0.29611392448496643,0.652857221740591,0.6471174146619314
0.19279327452964273,-0.2942985203093041,0.655727494117638,0.6442547164299094
0.24288352959317336,-0.29261653083791916,0.6584623676552384,0.641527758791675
0.2928823757143281,-0.29106157832516943,0.6610635840856548,0.6389308479563011
0.34279364135296664,-0.2896272850123319,0.6635266843491007,0.6364599648996658
0.3926211555285913,-0.2883072731344949,0.6658738098962689,0.6341054753232866
0.4423687477293864,-0.2870951649282406,0.667804935160444,0.6320819600637949
0.49204024776042665,-0.2859845826385453,0.6688790896491908,0.6309790801858471
0.5416394855645192,-0.28496914852367805,0.6698579549551377,0.6299711725608688
0.5911702920173239,-0.28404248484024996,0.6704834239437611,0.6295035637989235
0.6406365467432643,-0.28319821306963605,0.6701672666520085,0.6298241498749605
0.6900420275288763,-0.28242995650301383,0.6697772415068411,0.6302200827373104
0.7393905624983345,-0.2817313374449484,0.6693197810003018,0.6306852246545056
0.7886859797765453,-0.2810959781985895,0.6688013190129173,0.6312134376673443
0.8379321074891694,-0.2805175010657648,0.6678756994505202,0.6321145078056292
0.88713277376259,-0.2799895283470748,0.6668024736919234,0.6331897565627967
0.9362918067238795,-0.2795056823419875,0.6656875307233446,0.6343089804786209
0.9854130345007897,-0.2790595853489338,0.6645372816992249,0.6354660720544434
1.0345002852217,-0.27864485966540353,0.6633025790771713,0.6366947742426807
1.0835573870155917,-0.2782551275880408,0.6617850289688086,0.6382099268218505
1.1325881680119898,-0.27788401141273994,0.6602513223454913,0.6397441578717864
1.181596456340926,-0.27752513343474217,0.6587078074213554,0.6412913470884357
1.2305860801328834,-0.2771721159487308,0.6571608111874077,0.6428453500221922
1.279560867518733,-0.27681858124892794,0.6555074927373862,0.6445030828598108
1.328524646629696,-0.2764581516291896,0.653792595849248,0.646215168214033
1.3774812455972643,-0.27608444938310256,0.6520930592718924,0.6479154598768817
1.4264344925531427,-0.2756910968040797,0.6504151119064228,0.6495977709747914
1.4753882156291904,-0.27527171618545615,0.648759274780834,0.6512558875998831
1.5243462429573533,-0.27481992982058484,0.6470887550990191,0.6529267203288323
1.5733124026695986,-0.2743293600029327,0.6454529357022334,0.6545609445676831
1.6222905228978401,-0.27379362902617677,0.6438634802299492,0.6561521756026364
1.6712844317738913,-0.2732063591842995,0.642326546843547,0.6576908614126373
1.7202979570569452,-0.2725611727768232,0.6407930312023719,0.6592041512318473
1.7693349256572088,-0.271851692118677,0.6392323372780088,0.6607609842629032
1.818399167957153,-0.27107153947512597,0.6377424869962833,0.6622499524723966
1.8674945121410744,-0.2702143371389034,0.6363295411702619,0.6636647138569854
1.9166247863933497,-0.2692737074026428,0.6349995397688446,0.6649989108062123
1.9657938188984194,-0.26824327255890495,0.6337585041372433,0.6662461724610174
2.0150054378407667,-0.26711665490020614,0.6326124395824916,0.6674001172414087
2.064263471404919,-0.2658874767190453,0.631395316597359,0.6686076138937834
2.113571747775409,-0.264549360307932,0.6302192260711564,0.6697833545944121
2.162934095136787,-0.2630959279594139,0.6291560606570261,0.6708475118174594
2.212354341673576,-0.2615208019661044,0.6282117948701631,0.6717937421411299
2.2618363155702816,-0.25981760462071024,0.6273924052967299,0.6726157073475624
2.311383845011359,-0.2579799582160593,0.6267038753478609,0.6733070782169825
2.3610007581812003,-0.2560014850451282,0.6261430478103112,0.6738673022160063
2.4106908832641247,-0.2538758074010695,0.6256518025982943,0.6743607668407063
2.460458048444348,-0.25159654757724015,0.6253094609037728,0.6747047447240386
2.5103060819059855,-0.2491573278672281,0.6251220870230434,0.6748929853546134
2.5602388118330137,-0.24655177056488103,0.6250957802763667,0.6749192699343892
2.610260066409267,-0.24377349796433323,0.6252366813542657,0.6747774168130687
2.6603736738184165,-0.2408161323600336,0.6255509787958051,0.6744612873018928
2.7105834622439566,-0.2376732960467731,0.6260844836206095,0.6739279953367733
2.760893259869179,-0.23433861131971265,0.6268377083093495,0.6731716378702115
2.8113068948771653,-0.230805700474411,0.6277832483648718,0.6722229104079984
2.8618281954507685,-0.2270681858068517,0.6289275492445408,0.6710759136271174
2.9124591331261596,-0.22312410115109715,0.6302728320858523,0.6697291334148145
2.963194252853602,-0.2189891264920116,0.6318041628589882,0.6681983447038373
3.014026242936884,-0.21468335335204236,0.6335042565433469,0.6665036551022895
3.064947791679789,-0.2102268732534676,0.6355789729259608,0.6644213285439626
3.115951587386134,-0.2056397777183091,0.6377820507073627,0.6622124783865342
3.167030318359814,-0.20094215826824377,0.6400942172207313,0.6598987307285633
3.2181766729048173,-0.1961541064245184,0.6424961595288922,0.6575002707839467
3.26938333932527,-0.19129571370786064,0.6449685155334808,0.655037251756138
3.3206430059254575,-0.18638707163839352,0.6474918666632198,0.6525297853868726
3.3719483263397096,-0.18144827507733025,0.6496693362494732,0.6502236696295336
3.4232920060604757,-0.1764994138810095,0.6517112640286341,0.6481990493659464
3.474666764423179,-0.17156057652956827,0.6537338933761446,0.6461899619237946
3.52606528797397,-0.16665185468140398,0.6557161767092677,0.6442162601148176
3.577480263262349,-0.16179334001580678,0.6576512804546971,0.6422933414203513
3.628904376843506,-0.15700512422599916,0.659519616105014,0.6404540197546865
3.68033031527948,-0.15230729901237453,0.6607623187184161,0.639234150318027
3.7317507651394135,-0.14771995607588562,0.661800572927758,0.6382030070236661
3.783158412999096,-0.14326318711154187,0.6627132418484811,0.6373051957344613
3.8345459454400297,-0.13895708380196164,0.6634802087912381,0.6365515759190087
3.8859060490482054,-0.1348217378109303,0.664059422150529,0.6359543660434713
3.9372314104128026,-0.13087724077691412,0.6645293169064446,0.6354406586106155
3.988514716125025,-0.12714368430648154,0.6652284030901352,0.6347302356244148
4.039748652777242,-0.12364115996759484,0.6657023581214065,0.6342483161335802
4.090925906962689,-0.12038975928273951,0.6659224290457726,0.6340167229165695
4.142039165275878,-0.11740957372187075,0.6658678794184065,0.6340546562642557
4.193081114313971,-0.11472069469517351,0.6655291783257905,0.6343812740621781
4.244044440679331,-0.11234321354564786,0.6655716908641479,0.6341773063083828
4.2949218309834425,-0.11029722154155369,0.6662233005931345,0.6335090983367976
4.345705971852421,-0.10860280986877584,0.6665273396955232,0.6331904455211381
4.396389549934421,-0.10728006962319467,0.666463544891776,0.6332407720077012
4.446965251908973,-0.10634909180318786,0.666011676034869,0.6336715407720886
4.497425764498613,-0.10582996730241949,0.6651515278799308,0.6345110567895962
4.547763774482834,-0.10574278690311367,0.6655880462406822,0.6337935584439012
4.597971968714554,-0.10610764127005294,0.6665625064296662,0.6327909205730264
4.648043034139056,-0.10694462094557988,0.6670621858152358,0.6322638253428113
4.697969657815447,-0.10827381634592004,0.6670668056084212,0.6322325017171984
4.747744526940438,-0.11011531775917761,0.6665561681893926,0.632717260476014
4.797360328874185,-0.11248921534537737,0.6656674567971765,0.6337385083882087
4.846809725082903,-0.11541559744306226,0.6664347977945271,0.6332153966924493
4.896085407749847,-0.11891455336122604,0.667170148416986,0.6324959991789617
4.945180154504566,-0.1230061800801064,0.6672922212714486,0.6323840466751882
4.994086652142881,-0.1277105697450827,0.6675410954252207,0.6322103389104554
5.042797587375288,-0.1330478145053241,0.6685204097259866,0.6312172270154417
5.091305646853835,-0.13903800650613152,0.6688418228183688,0.6308993331847212
5.139603517195551,-0.14570123788233222,0.6685548440007605,0.6312781660216126
5.187683885002437,-0.15305760075262387,0.6687233244042963,0.630908742204354
5.235539436878145,-0.16112718721474711,0.6685591578786075,0.6309376088099005
5.283162859441613,-0.16993008934135373,0.667851195992007,0.6317318774324199
5.330546839337887,-0.17948639917644485,0.6668575445932154,0.632906246286957
5.377684063246372,-0.18981620873222577,0.6655851848690572,0.6338103879784048
5.424567217886822,-0.20093960998625468,0.6638987736415326,0.6355377530079749
5.471188990023326,-0.2128766948787447,0.6616907653019829,0.6381196156981774
5.517542066466543,-0.22564755530988695,0.6589758377810079,0.6407464744966782
5.56361913407443,-0.23927228313707272,0.6558251609121234,0.6439374208794106
5.609412879751679,-0.2537709701718764,0.6518988004306155,0.648049903880028
5.654915943772575,-0.2691636918689996,0.6467673232603859,0.6531352853272234
5.700120400776587,-0.2854703087980305,0.6404060505617832,0.6595332103948738
5.74501953691791,-0.3027111028900199,0.632933357301775,0.6669605256444793
5.789606033603717,-0.3209061571455508,0.6249572874128713,0.6754496220627787
5.833872571231861,-0.3400755530549241,0.6180652110584627,0.6850282276775146
5.877810109595378,-0.36023354835891735,0.6119615055518502,0.6956535135406221
5.921402729437332,-0.38137111102307436,0.6063662788756925,0.7054805835141887
5.964632790693397,-0.40347338501307856,0.6012500901229924,0.7160230352233907
6.007482651798574,-0.4265255119425028,0.5966753590367707,0.7264746380336523
6.049934669561408,-0.4505126307048067,0.5929136756236761,0.7345389279471077
6.091971199081506,-0.4754198770858527,0.5902193342020995,0.7436055242207182
6.1335745937468635,-0.5012323833828792,0.5885325546259297,0.7478122433728066
6.174727205363785,-0.5279352780746522,0.5864783018524443,0.7517465796980525
6.215411384492567,-0.5555136856141315,0.5846899715388302,0.7533314606540612
6.255609481084615,-0.583952726450121,0.5835827497990678,0.7507737611342216
6.295303845537413,-0.6132375174266639,0.5835392685016265,0.7443961815091934
6.334476830293485,-0.6433531727521753,0.5846349554167941,0.7367744436611726
6.373110792093671,-0.6742848057609829,0.5870802753798963,0.725597440102512
6.411188094932466,-0.7060175316832467,0.5909285207773186,0.7149320904440316
6.448691113630188,-0.7385364715600311,0.5962033456244193,0.7028681858783047
6.485602237720075,-0.7718267572502052,0.602899391592573,0.691690761019412
6.521903875063125,-0.8058735371540664,0.6109848855803733,0.6809505534376813
6.557581123806512,-0.840664636181302,0.6203146559071616,0.6703724651082185
6.592616173388089,-0.8761852983295783,0.6299901514386012,0.6600718361922486
6.626989085105419,-0.9124184719858491,0.6395067151270806,0.6507152950003177
6.66068222953246,-0.9493493139380531,0.6487114194751434,0.6423087120000998
6.693677977231844,-0.9869629808753195,0.6575141017564341,0.6329524580329652
6.725958698760612,-1.0252446293809667,0.665857744544354,0.6235632815830366
6.757506764677239,-1.0641794159260887,0.6736731897438889,0.6151235446363503
6.788304545549979,-1.1037524968639074,0.6809357211962271,0.6073912303380755
6.818334411966687,-1.1439490284252891,0.6876636797642858,0.5994782156135748
6.847578734546205,-1.1847541667158072,0.6937908556114754,0.5925440864580506
6.876019883951315,-1.2261530677147559,0.6993857119399458,0.586597304883386
6.9036402309033065,-1.26813088727665,0.7020022662824967,0.581700119253086
6.930422146198115,-1.310672781135778,0.7026977189321005,0.577828718566635
6.956353801255579,-1.3537625747379936,0.7031825423083188,0.5749649520160196
6.9814465697104335,-1.3973787727293794,0.6958742786955134,0.5736135814739823
7.005717625791218,-1.4414985495126666,0.6881345285586894,0.5742873930198105
7.029184143791329,-1.4860990794498212,0.6812123687691424,0.5758985044057887
7.0518632980767695,-1.5311575368928567,0.6755174120144817,0.5788802650907471
7.073772263093367,-1.5766510962204838,0.6707482259280494,0.5854055575445539
7.094928213373178,-1.622556931880537,0.664024602902732,0.5936621731538686
7.115348323539613,-1.6688522184377348,0.6556217366208289,0.6036257158822033
7.135049768310942,-1.7155141306261152,0.6462536522946426,0.6160655096888717
7.154049722501659,-1.762519843404842,0.6365530089820023,0.6292623479982616
7.172365361021321,-1.809846532015861,0.6269307777514637,0.6429812570450298
7.190013858870497,-1.857471372041308,0.6177778227215511,0.6570966020433793
7.207012391133453,-1.9053715394581487,0.6093083578630167,0.671901110763704
7.223378132967523,-1.9535242106874353,0.6017384828312589,0.68576528199203
7.239128259589017,-2.001906562635088,0.5952398419514053,0.6981517083548346
7.25427994625596,-2.0504957727214,0.5899179922541294,0.7111562232575899
7.268850368248005,-2.099269018896604,0.5858341081912861,0.7202928613068363
7.282856700844138,-2.148203479640389,0.5830574712992548,0.7273356683361613
7.296316119299008,-2.19727633394388,0.5816041799827499,0.7349348258159303
7.30924579881885,-2.246464761273758,0.581462036630779,0.7355247480671593
7.3216629145380745,-2.2957459415189785,0.5825968073071844,0.7351126733890603
7.333584641497616,-2.345097054921923,0.5849583056301908,0.7326498176780449
7.345028154626099,-2.394495281996645,0.5869104442153341,0.7261009537209691
7.356010628724695,-2.443917803437865,0.588922428791927,0.7200134461044089
7.366549238456341,-2.493341800024882,0.592492945677045,0.7109141266183483
7.376661158339747,-2.5427444525249046,0.5980704482977702,0.7018431500263832
7.386363562748297,-2.592102941600153,0.605666661927805,0.69297614542322
7.395673625913619,-2.6413944477227242,0.6148033927281988,0.6839250914797723
7.404608521933445,-2.6905961511004595,0.6246976245618091,0.675249099010863
7.413185424783053,-2.739685231616253,0.6319640441154692,0.6681152082730475
7.421420664209515,-2.7886448967614856,0.6378076147713683,0.6622807132685424
7.429327193384475,-2.837482465567634,0.642506766947326,0.6574539454129513
7.436917128292077,-2.8862113306423103,0.6458176010666642,0.6548910397534525
7.444202630186364,-2.9348452002709235,0.6478193781257382,0.6528203576248924
7.4511957433108575,-2.9833970119952067,0.649173202110198,0.6510329112533477
7.45790857618426,-3.0318801074163373,0.6502864866157642,0.6498086895025522
7.464353237437677,-3.0803078281843597,0.650959299175862,0.6492069455815204
7.470541835806014,-3.1286935159933145,0.6512716867175551,0.6488567342000786
7.476486480118797,-3.1770505125726825,0.6512770468050904,0.6487498226896435
7.482199279290621,-3.2253921596761383,0.6510643713472017,0.6489489470854818
7.487692342311487,-3.273731799068626,0.6506409475963664,0.6493724848670623
7.492977778237099,-3.3220827725126787,0.6500055879323041,0.6500062996442536
7.498067696179328,-3.3704584217549862,0.6493138434241313,0.6506790292439473
7.502974205296809,-3.418872088514123,0.6487481931079103,0.6512428505186321
7.5077094147858086,-3.467337114470489,0.6480014326894716,0.6519796354383763
7.512285433871346,-3.515866841259365,0.6470794942152017,0.6528846330872146
7.516714371798621,-3.5644746104682192,0.6468178432319622,0.6530897106824128
7.521008337824722,-3.6131737636392733,0.6466120582618968,0.6532842359733213
7.5251794412107404,-3.661977642278482,0.6462757218600245,0.6536128560877081
7.529239792236025,-3.7108996003567833,0.6462660683785266,0.6536098275570577
7.533201504520745,-3.759953035211317,0.6471076118916613,0.6527829025205945
7.537076687144708,-3.8091512912758865,0.6478536409497795,0.6520520348861245
7.540877449067163,-3.8585077107673706,0.6485148668736553,0.6514055099247852
7.544615899303228,-3.9080356358681336,0.6498305882475804,0.6501276381348123
7.548304146916889,-3.9577484087330412,0.6513920580684935,0.6485712257888412
7.551954301013418,-4.007659371491311,0.652907382959581,0.6470614781450311
7.555578470731364,-4.0577818662440155,0.6544636300091112,0.6455575811001025
7.5591887652342695,-4.108129235057962,0.6563752029933002,0.6436418495618706
7.562797293702178,-4.158714819956791,0.6582760297418297,0.6417352493551964
7.566416165323034,-4.209551962910035,0.6601784507518703,0.6398268435798917
7.5700479678165475,-4.260646791236582,0.6620021697133398,0.6379918475816435
7.573657203036017,-4.311976573848735,0.6637472448089724,0.6362434856228251
7.577198851402533,-4.36351136502388,0.6654214101687987,0.634573597936311
7.580627893405086,-4.415221219009277,0.6668831205155443,0.6331102004577807
7.583899309632247,-4.467076190043846,0.6675065783162097,0.6324516231164186
7.586968080804054,-4.519046332383241,0.6679268903724168,0.632006879735742
7.589789187804052,-4.571101700329029,0.6681019808412422,0.6318204636925316
7.592317616584805,-4.6232124555888525,0.6659349103957027,0.6332452224417391
7.594508343476772,-4.675348581264415,0.662978974590728,0.6363496165407387
7.596316348547039,-4.727480119371038,0.659649218211594,0.6401309300549998
7.5976966126982335,-4.779577125879661,0.6539815710696576,0.6459626747857801
7.598604116968795,-4.83160965675964,0.6476279768265557,0.6523489065193842
7.598993842551709,-4.883547767275464,0.6408919405871575,0.6589818670986152
7.598820770860351,-4.935361511513484,0.6339713693681657,0.6658226821832998
7.598039883642697,-4.987020941825396,0.6264716832595635,0.6732476169908912
7.5966061631691355,-5.038496107993382,0.6199201053310821,0.6789662393196978
7.594474592547303,-5.089757055870328,0.6141726099766966,0.6844864860512984
7.591600156269243,-5.140773825064376,0.6086108699875348,0.6902851957646848
7.587937841204511,-5.1915164448236135,0.6054575896900561,0.6914637558070027
7.58344263849741,-5.241954926349383,0.6031994114166533,0.6934899508678013
7.578069547419035,-5.292059247552193,0.6034000667748255,0.6952104809286235
7.57177358378866,-5.341799320521406,0.6055345441899241,0.6928026965619252
7.564509800155571,-5.391144915478641,0.6080036288601515,0.6914170956862963
7.556233363176927,-5.4400653337643945,0.6122416777893798,0.6866301961810212
7.546899194766486,-5.4885314586634255,0.6161506555368031,0.6828657060780557
7.536462155080107,-5.536514133264082,0.6211527305761021,0.6781596344714255
7.524877179308281,-5.583983604026825,0.6261063585502362,0.6732655219037293
7.512099190967673,-5.630910080197786,0.6304406308682797,0.6692842650923932
7.498083112932294,-5.677263706072021,0.635256969843259,0.6644173036779164
7.482783878565704,-5.723014550396419,0.6387315725635423,0.6609716422816321
7.466168220701519,-5.768136837719036,0.6420347824036607,0.657837952186337
7.448250019465973,-5.812621639201491,0.6443549217654743,0.6555429175442574
7.429054957505972,-5.856464230257012,0.6454243604387379,0.6545475007904974
7.408608732163834,-5.899659889278445,0.6457844457460798,0.6541780189702774
7.386937048817909,-5.942203910220001,0.6447656127534945,0.6552026269565882
7.364067490930436,-5.9840882862357905,0.6428765539266226,0.6568780598148197
7.340023887590602,-6.0253120941209835,0.6405469312116986,0.6591438071400475
7.314831859982226,-6.065870754240034,0.6369000494969975,0.6627438243296299
7.288517038436226,-6.105759666614235,0.6334954203437387,0.6657567122898322
7.2611050639659735,-6.144974213964656,0.6299525354790516,0.6691985170480165
7.232621588420369,-6.183509765877149,0.6254930240419233,0.6739162577528829
7.203092273615159,-6.221361683207764,0.6224350773134503,0.6760118099426492
7.1725427898714775,-6.25852532207901,0.6191865413797565,0.6790859967606176
7.140998814343399,-6.294996037105597,0.6164566030613182,0.6819040715128843
7.108486029411217,-6.330769183738388,0.6154598805965702,0.6818165491725897
7.0750301213044064,-6.365840119784119,0.6146019245510301,0.6829025585306779
7.040656779025106,-6.400204206246091,0.6159609403970127,0.6819867323464128
7.005391693785507,-6.433856807465152,0.6185247743672855,0.6792004083414271
6.969261170854655,-6.46679274545851,0.6202630042321993,0.6775231798776199
6.9322904428555985,-6.499007856349542,0.6209095144917572,0.676940947720528
6.89450518293559,-6.5304975451351,0.621801661160683,0.6772280346978337
6.855931059519995,-6.561257219737501,0.6248949042550369,0.6734724482699112
6.816593735638469,-6.591282290842623,0.6276633802695178,0.6707542192017997
6.77651886874362,-6.6205681713489,0.6294061547144593,0.6690621789086788
6.7357321111962385,-6.64911027541309,0.6303951300877266,0.6683853921199143
6.694259111485815,-6.676904017169552,0.6327635033929885,0.6661249021354357
6.652125516097722,-6.703944809293995,0.6359566997382381,0.6629671276537259
6.609356971773026,-6.730228061646807,0.6381799327947845,0.6607796017735437
6.565979127792247,-6.755749180235066,0.6394416743105451,0.6595540344765262
6.522017637896488,-6.780503566668696,0.6406037739145223,0.658818457860377
6.477498161548805,-6.804486618173788,0.6434827004745737,0.6558248191319321
6.43244636440131,-6.827693728104442,0.6455683084355274,0.65375910535441
6.386887918010656,-6.850120286802752,0.6467328899961123,0.6526151722564295
6.340848498980261,-6.871761682617807,0.6470469674574738,0.6523868478648752
6.294353787772113,-6.892613302908104,0.648554171008307,0.6510233646074004
6.247429467425324,-6.912670534900273,0.6499144977262535,0.6496837980748389
6.200101222365804,-6.93192876633719,0.6503823643836256,0.6492374912096828
6.152394737420032,-6.950383385901911,0.6499515972959765,0.6496796074382918
6.104335854200622,-6.968029727271003,0.6495526747222005,0.6498939198937663
6.055950341791043,-6.984863161620886,0.6501041965970933,0.6492993374911282
6.007263691711729,-7.00087915578575,0.6498263946143812,0.6495778441673278
5.958301579403771,-7.016073107394749,0.6486840752376712,0.6507257186642235
5.909089680362681,-7.030440414186377,0.6485024303898203,0.6508243269806908
5.859653670138032,-7.043976474014331,0.6488869447002276,0.650418189511561
5.810019224331425,-7.05667668485455,0.6484151506717277,0.650869079771609
5.76021201859232,-7.06853644481337,0.6472214114527697,0.6521790575250621
5.710257728611434,-7.079551152136645,0.6476491082618092,0.6515433657119211
5.660182030111165,-7.089716205219723,0.6481529786621764,0.6510138709794433
5.610010598832561,-7.099027002618089,0.6478019427238327,0.6513408443589881
5.559769110518135,-7.107478943058434,0.6471326903431437,0.6525263574086313
5.5094832408900105,-7.115067425449836,0.6482383935021667,0.6507510916270366
5.459178665622595,-7.121787848894651,0.6491780362593531,0.649791978598193
5.408881060309133,-7.127635612698606,0.6492519920996414,0.6496999487923233
5.358616100421468,-7.132606116379466,0.6493608245905026,0.6498073941630476
5.308409461262468,-7.136694759673507,0.651546849371021,0.6472420969055577
5.258286817910614,-7.139896942538873,0.6532070904295648,0.6455570893329885
5.208273845156672,-7.142208065154799,0.6539803257248206,0.6447599034765661
5.15839619887906,-7.143623528275452,0.6555522526248208,0.6424605769245114
5.1086788221982795,-7.144138732424583,0.6592423249839886,0.6379201036203543
5.059148077917596,-7.143749048881531,0.6630187159394729,0.63429780439686
5.009823241532388,-7.142454920980758,0.665876802844637,0.6315952761257784
4.9606980110234,-7.140276977663085,0.6685710938241863,0.6297790345637855
4.911759690161539,-7.137240894123455,0.6736554826095035,0.624998031224951
4.862995583011512,-7.133372345389469,0.6791222717136373,0.6196336121265354
4.814392994022578,-7.128697006371979,0.6837690781962223,0.6150950732814526
4.765939228103985,-7.12324055192172,0.6876074924749135,0.6113548781315872
4.717621590680248,-7.117028656888451,0.691894464164445,0.6078217612552584
4.669427387723188,-7.110086996178952,0.6972267276583817,0.6024357354063913
4.621343925759367,-7.102441244810293,0.7019457122674149,0.5977633840353522
4.57335851185365,-7.094117077955425,0.705971264937706,0.5937762518083278
4.525458453571106,-7.085140170978788,0.7093410600811623,0.5904458126446648
4.4776310589210135,-7.075536199460606,0.7129188752744179,0.5870835218308351
4.429863636287603,-7.065330839209494,0.7161202996935362,0.5838884711629494
4.382143494352571,-7.05454976626387,0.7187431902731755,0.581262598664883
4.3344579420142635,-7.043218656883372,0.7208297302683083,0.5791770760356488
4.286794288308037,-7.031363187532046,0.7221423844096815,0.5776970779790845
4.239139842331531,-7.019009034855302,0.7222468407717455,0.577546466795263
4.191481913177608,-7.006181875652772,0.7218931506834856,0.5778552062023001
4.143807809876907,-6.992907386849042,0.7211044802145005,0.5785939125600075
4.096105226983669,-6.979211357775414,0.719916285136044,0.5797520285688091
4.048361051873156,-6.965119348474576,0.7170712961157447,0.5828288488633926
4.000562575692027,-6.95065702923635,0.7133381278575378,0.5865789677266883
3.952697116949909,-6.935850078658924,0.7092831203777888,0.59065104456542
3.9047519914140287,-6.920724174963909,0.7049283716149813,0.5951029681446284
3.8567145128271823,-6.905304996084796,0.6998434231543926,0.6001826653331647
3.808571993417834,-6.889618219732147,0.6945179448622751,0.6055010935656161
3.760311744267602,-6.873689523442236,0.6889798923595964,0.6110303524055566
3.7119210755794265,-6.857544584613728,0.6835549438956872,0.6163480672358785
3.663387296875537,-6.841209080535614,0.6785073303306957,0.6213651043264673
3.6146977171452845,-6.8247086884087445,0.6733349828980452,0.6265090345215083
3.565849785058694,-6.808059039691725,0.6680547011254403,0.6317650544871457
3.5168815093835715,-6.791235583075859,0.6642148948852301,0.6353405581791622
3.467841038782681,-6.774203721470148,0.6607906824347156,0.6387197941627628
3.418776521755872,-6.756928857686866,0.6571274932686922,0.6423322997435438
3.369736106669574,-6.739376394458658,0.6539072092884707,0.6452915390914808
3.320767941781009,-6.721511734451933,0.6530498767793586,0.6459118783872101
3.271920175258972,-6.703300280277685,0.6519866336770526,0.6469062586995842
3.2232409552028782,-6.684707434500773,0.6506103408357072,0.6483177407171249
3.174778609038734,-6.665698671002828,0.6513622806202423,0.6481958719636577
3.1265814444632714,-6.646239464265346,0.652558846958871,0.6470069758925189
3.078697257645529,-6.626295082175932,0.6531916778777224,0.6463786038916219
3.0311741956363965,-6.605830928354574,0.6546452938261892,0.6449273276696864
2.9840604055016016,-6.5848124064118325,0.6566604586372088,0.6429188627064762
2.9374040343152843,-6.563204919954141,0.6579481365613873,0.6416437919077924
2.8912532291539854,-6.540973872589151,0.6594456420590435,0.6401447852305867
2.8456561370909257,-6.5180846679311255,0.6617032640150067,0.6378866163324396
2.8006609051905302,-6.494502709606424,0.6630634839440162,0.6365282998876762
2.7563156805031546,-6.4701934012591105,0.664024823853015,0.6356665828461996
2.712668610059868,-6.445122146556687,0.6658533980924786,0.6337489628022974
2.6697678408673764,-6.419254349196081,0.6667013943239437,0.6329018505963921
2.6276615199028317,-6.392555412909773,0.666688706766401,0.633179952026609
2.5863977941086413,-6.364990741472293,0.6672789318915062,0.6323455155339116
2.546024810387112,-6.336525738706984,0.6670378497057193,0.6325880576385798
2.5065907155948715,-6.307125808493163,0.6654854229264252,0.6341344163778863
2.4681437396737964,-6.276756422413354,0.6634091807027205,0.6365944437440004
2.4307324169490148,-6.2453833323414365,0.660092379673697,0.6399080026074676
2.3944045447557825,-6.212971701432013,0.6553020007780381,0.6447011574758824
2.359208259003681,-6.179486955976294,0.6491806088614234,0.6503227356536597
2.3251916869791325,-6.144894517381123,0.6419151693486611,0.657233368297988
2.2924029468482727,-6.109159799332943,0.633546783445393,0.6658032059485288
2.260884293404945,-6.072263204321202,0.6245072577856479,0.674155461048537
2.2306545556117716,-6.0342451186294825,0.6147819105872735,0.6830480882122119
2.201726704697597,-5.995160914222702,0.604724097473153,0.6936033803096773
2.1741137127780976,-5.955065951878304,0.5947338486854736,0.7025741902292639
2.1478285566133546,-5.914015585243685,0.5849975332738377,0.7110789016238475
2.122884220740499,-5.872065165843792,0.5759241229316,0.7211864051594026
2.0992936994246056,-5.829270048085444,0.5684834236367388,0.7270559758315605
2.0770699971893136,-5.785685593371842,0.5628271150281026,0.7325750726530339
2.056226170924606,-5.741367267820745,0.5597238970285089,0.7396530009836786
2.0367753891570906,-5.696370833608621,0.5576616050447958,0.740127703372719
2.018730576868339,-5.6507515471915655,0.5583698074156042,0.7413057780501944
2.002104742953029,-5.604564844905039,0.560161323687765,0.7374999821112236
1.986910892844541,-5.557866165055616,0.5642472052267977,0.7341134410910568
1.9731620281649063,-5.51071094763631,0.5702292039101141,0.7278018344355354
1.9608711462811923,-5.463154633653233,0.5768994955922703,0.7218947440874836
1.9500512398211503,-5.415252663928621,0.5837284574629383,0.7152770180571661
1.9407152962294199,-5.367060477231523,0.5904896463055624,0.7087828046621933
1.932876297484515,-5.318633507602612,0.5965261354307825,0.703177800565216
1.9265472201409553,-5.270027180805625,0.6017794421662661,0.6978651597906187
1.921741035217691,-5.22129690176616,0.6059559897627183,0.6939674681579895
1.91847053344822,-5.172494583950876,0.6086859445807191,0.6908237609732047
1.9167490694607334,-5.123678408538443,0.610286364445978,0.6892311612768616
1.916589679133101,-5.074903857034108,0.6112181695232114,0.6883608241676857
1.9180053893462208,-5.026226393339702,0.6122763274160337,0.6879060070570627
1.9210092202846178,-4.977701470038312,0.612803142772007,0.689028778800502
1.9256141866858867,-4.929384532692571,0.6131326192766299,0.6894356671760024
1.9318332983630568,-4.8813310229851945,0.6134495718793237,0.6903169613574422
1.9396795601507733,-4.833596381230329,0.6139162734177406,0.6928544146544753
1.9491659713083642,-4.7862360486262885,0.6146024202011391,0.692269443514088
1.9603055243139793,-4.73930546954963,0.6155701730517159,0.6931064894709734
1.973097597522597,-4.692847452534408,0.6167088114536858,0.6938176335912489
1.9874871368554463,-4.646854249397951,0.6181202728246268,0.6912387111731121
2.0034054692969394,-4.601305486531533,0.6197767845582762,0.6902527126816661
2.020783908121298,-4.556180802034987,0.6216594558271916,0.6838245787920312
2.039555246131945,-4.511456423734925,0.6238853378793273,0.6765412116682588
2.059649752127962,-4.467114892208425,0.6275033129997738,0.6705913520284305
2.080998776410406,-4.423135792625544,0.6335618280765893,0.6621515196499844
2.103533660514347,-4.379498718868431,0.6421566383485332,0.6502019617114387
2.1271857394918827,-4.3361832681243175,0.6529160860228067,0.6393098737112678
2.151886347446391,-4.29316903187427,0.6633004082931526,0.6274530612220025
2.1775668257604273,-4.2504355849983755,0.673839275897248,0.6140958331242584
2.2041585317914714,-4.207962476519114,0.6848274602220971,0.6015598454894476
2.23159284471644,-4.165729226008572,0.6964037915353292,0.58960335805758
2.2598011657754755,-4.123715327922511,0.7074234714751627,0.5780395655404927
2.288714912483525,-4.0819002626878,0.716863821697004,0.5671042804257389
2.3182655090945485,-4.040263510375711,0.7253281661187121,0.5584278084348062
2.3483843769439128,-3.9987845621817986,0.7333438640241854,0.5519165071025024
2.3790035792026814,-3.9574420547658287,0.7400425612828312,0.5471568651994537
2.4100540388188287,-3.9162161823670303,0.7436889149028366,0.5455381879165626
2.441466876367823,-3.8750868348334477,0.7459039566953445,0.5444265914502674
2.473173459105697,-3.834033565627751,0.7475770890908966,0.5441210784243716
2.5051051545589185,-3.793035927809705,0.7501799636576165,0.5445416732652348
2.537193330204264,-3.752073474556695,0.7530053441109571,0.5452299556927722
2.569369353197654,-3.71112575960107,0.7557601240882545,0.5494273945265641
2.601564590096052,-3.6701723376825877,0.7604486350942562,0.5584853307258068
2.6337104065239165,-3.6291927651015214,0.7686991774894238,0.5721059891316128
2.665738166728153,-3.5881666004726624,0.7804545005830845,0.5898992036197176
2.6975792329431854,-3.547073405823182,0.7956071199841227,0.6114203903531352
2.7291649644425986,-3.5058927482633746,0.8140076090678585,0.6362057532546407
2.760426716070719,-3.4646042026194466,0.8354745044513888,0.663800007613861
2.791315729562917,-3.4231980114977016,0.8597868657801623,0.6937949190313482
2.8218618785717724,-3.381708321345748,0.8866456692550759,0.7258930559005231
2.8521162310297585,-3.3401781688328755,0.9157471722724926,0.7598458928503043
2.882129070206736,-3.298651637820215,0.9468059964607375,0.7954313375887696
2.9119506660692998,-3.2571728343014663,0.9160503059842269,0.8324534199046381
2.9416312760397556,-3.2157858858180366,0.8794834603602968,0.86908989164132
2.971221147166515,-3.174534938062767,0.8445202161212652,0.8334005728320469
3.0007705192810823,-3.1334641493633537,0.8113926967480287,0.7995092615951744
3.0303296286537855,-3.092617683981166,0.7803589496640061,0.7676770951992541
3.0599487117082407,-3.052039705178029,0.7517019704549803,0.7381928403712942
3.089678008449624,-3.0117743688780854,0.7257264420375634,0.7113702476016016
3.11956776535075,-2.9718658185715623,0.7027523874965058,0.6875421693195684
3.149668237502953,-2.932358181916896,0.6831050581912949,0.6670505677003702
3.1800296898870957,-2.8932955692989943,0.667100791199085,0.6502319193399734
3.2107029449627347,-2.8547213945711123,0.6550291605260903,0.6373981434940413
3.2417378944103716,-2.8166802666177206,0.6471339976475535,0.6288156625703696
3.2731847953306,-2.7792163163140366,0.6435937068145029,0.6246831197391141
3.305093904928833,-2.74237367084613,0.644506451992037,0.6249156467618188
3.337515478889407,-2.7061964549999415,0.6498821251381447,0.6268096681518143
3.370499769956915,-2.6707287919664386,0.6532807413896272,0.6295730449803691
3.4040970265557005,-2.636014803846335,0.6532207267070629,0.6332932388038567
3.4383574914515123,-2.602098611836179,0.6556866694704653,0.6380386842639942
3.473331400512883,-2.5690243360452265,0.6517914915255266,0.6438779096091536
3.509068981703831,-2.536836094861819,0.6466321126326411,0.65087314532884
3.545620454538077,-2.5055780037651214,0.6425949519120707,0.6555214530360315
3.583036030342644,-2.4752941734778746,0.6390385306743359,0.6589160426238898
3.6213659137948007,-2.446028707399397,0.6340968368726769,0.6636665160116729
3.6606603062618053,-2.417825698374226,0.6298206340453705,0.6677106913175308
3.700969411402831,-2.3907292250662806,0.6273694217851731,0.6689908996947783
3.742343443180788,-2.364783348518947,0.6242719294714079,0.6718279438975729
3.7848124609342997,-2.340029276463975,0.6212024572276117,0.676271644572024
3.8283245287251613,-2.3164975555833904,0.6204520077837953,0.6766044741299045
3.8728114869197836,-2.2942137953179733,0.6205174387145344,0.6769784206379079
3.918202575575991,-2.2732051700960683,0.6219294094381672,0.676237469145407
3.9644269900470563,-2.2534988671269574,0.6245344378371044,0.6735656542321202
4.011413896327582,-2.2351220747770353,0.6272529663912481,0.6720296187047274
4.0590924439491864,-2.218101975265287,0.6313672289832828,0.6674111238651124
4.107391775467917,-2.2024657409394797,0.6347354253462961,0.6642893523501524
4.156241032692325,-2.1882405330657178,0.6393001411871819,0.6599857969415172
4.205569360307331,-2.17545350214319,0.6433577157368324,0.6559847472677375
4.255305907633138,-2.1641317890025427,0.6469899446416345,0.6526716422158039
4.305379829141603,-2.1543025262013455,0.650823883148844,0.6488374469306573
4.355720284170485,-2.1459928394291494,0.6532883644705647,0.646535852821756
4.406256425674767,-2.139229849996307,0.6560311938135238,0.6436367164601132
4.456917127614611,-2.1340406977261788,0.6574459021890645,0.6421779072531895
4.507631549367042,-2.1304524657283985,0.6579253590536389,0.6415127419424574
4.558328860693461,-2.1284922314185906,0.6589093628676478,0.6404032169242948
4.608938228159537,-2.128187067655442,0.6583121323902624,0.6409412379574743
4.6593888150257134,-2.129564041719414,0.6578826345687171,0.6410359856911415
4.709609781513175,-2.132650214143535,0.6576577213656128,0.6411297291076141
4.759530285638582,-2.137472637472161,0.6561120974825926,0.642975927193576
4.809079484879465,-2.144058355094441,0.6555042268448897,0.6426432970658337
4.85818653898472,-2.1524344004039553,0.6547807158961559,0.6432241092513733
4.906780614243794,-2.162627796670052,0.6533331794939364,0.6453472705919902
4.954790889414842,-2.1746655581450347,0.6534847763139193,0.6437267589407392
5.002146563210414,-2.1885746930153362,0.6529869505495917,0.6440867321448592
5.048776851265325,-2.204382204590165,0.6529596506951879,0.6450263001823444
5.094611086727154,-2.222115134560773,0.6543718112681192,0.6429466051754307
5.139579720684309,-2.2418010560999586,0.655042886827477,0.6430043891958002
5.183611895878768,-2.263467126096344,0.6566704807602226,0.6413569617811425
5.226639661859079,-2.287123002179094,0.6581606088015831,0.64000900847914
5.268606766595012,-2.3127083856333557,0.658960305878653,0.6401658899567608
5.309459885425802,-2.3401454758908047,0.6603827417143804,0.6383160629303128
5.3491456993646205,-2.3693564589214806,0.6604041586502309,0.6385799019910042
5.387610897526829,-2.4002635106314485,0.6606373183139246,0.6384876143651155
5.424802177962165,-2.432788799685518,0.6602880591230383,0.6388903728455433
5.460666247502717,-2.466854489723918,0.658646609042321,0.64104381706414
5.495149821071538,-2.50238274103611,0.6572124465858566,0.6422273729723988
5.528199620746966,-2.539295711790319,0.6540749690621784,0.645404219060624
5.559762241318626,-2.57751539061811,0.6506333041780101,0.6489288514659305
5.5897842166861285,-2.616963617236735,0.6461616986609692,0.6533424042455838
5.618212306206283,-2.657562454614058,0.6414108489018778,0.6577835654901549
5.64499326325805,-2.699233929851392,0.6361029177168199,0.662994832447946
5.670073846679147,-2.741900038545495,0.6309276351573607,0.6678103364448885
5.69340082642108,-2.7854827416057524,0.6257029455188846,0.6728575023307998
5.7149209923798665,-2.8299039670709885,0.6211563821602107,0.6769558947117483
5.7345811669690185,-2.8750856220073677,0.6172443716370225,0.6807989452283375
5.752328220878032,-2.920949621381141,0.6142153586360007,0.6828551136051949
5.7681090888511,-2.9674179402756815,0.6129517005476716,0.684393832810069
5.7818713210315344,-3.014414702554113,0.6131553580011205,0.6844168264313042
5.7935620150439275,-3.06186361398961,0.6145153552732503,0.6834491311790284
5.8031275961692685,-3.10968615098023,0.6169940485713556,0.680852038677032
5.810514700090078,-3.1578043795159583,0.6200611413262302,0.6783347961699696
5.815669983923019,-3.2061403569007965,0.6238553724171342,0.6744009429340153
5.818540127394676,-3.254616140918104,0.6276083811958454,0.6711168368352842
5.819071832059546,-3.3031537940526694,0.6317220136513564,0.6667613029619204
5.8172118199980165,-3.351675384359612,0.6353974945898808,0.6633721849462388
5.812906832931821,-3.4001029840982624,0.638420419598085,0.659228163909406
5.806103632425339,-3.4483586667310497,0.6418838150072896,0.6562057644974646
5.796751885074306,-3.4963515439085926,0.6460980134705403,0.6506666983313842
5.784796336252738,-3.544018999667813,0.650693214587181,0.646419519421598
5.770208110496422,-3.591281413676686,0.6563861828084168,0.6393366681931152
5.753062450600777,-3.63803413856354,0.6632481698067543,0.6322954726382045
5.733460689741647,-3.6841674023863025,0.6713542547420508,0.6257476973119133
5.711504371465309,-3.7295716289669207,0.6807013820779149,0.6191591907231302
5.687295189790055,-3.774137435349544,0.6856135745161878,0.6143977969020382
5.660935013013536,-3.8177555089287827,0.6883357036600358,0.6116138940315401
5.632525302196182,-3.860317423084131,0.6882529355743003,0.6117213298448602
5.602167423912383,-3.90171486758015,0.6859048595638271,0.614043919088549
5.5699630594295,-3.9418391105813355,0.6817186917819883,0.6181222343254877
5.53601393194929,-3.9805814650875297,0.675353713904168,0.6244225954580134
5.500421827797541,-4.017833265123813,0.6686986403352472,0.6303651889144221
5.463288618163761,-4.0534858561995,0.6607009188136842,0.6382211140116306
5.424716272684506,-4.087430603938918,0.6531428873382725,0.6445210655843966
5.384806846545715,-4.119558929021846,0.6454020942569324,0.6515207660536936
5.343662410718098,-4.149762376859338,0.639406913635637,0.6563466968671106
5.301385227124289,-4.177946460134665,0.635156333822965,0.6600727429189405
5.258076967760515,-4.204072848878021,0.6326634193336456,0.6649945351714245
5.213832342316883,-4.228120330370901,0.6319299568886242,0.6654895905618212
5.168761523174609,-4.2500586422480096,0.6310408338948922,0.667650216727375
5.1229680362892305,-4.2698617654412585,0.6311799654697671,0.6665488658199318
5.076555407671009,-4.287503703560524,0.6309775287294075,0.6676818572455072
5.029627163512199,-4.302958480039149,0.6316863791929429,0.6660994479630146
4.982286830963306,-4.316200136020425,0.6321632774686013,0.6658960749029829
4.93463793928598,-4.327202729099283,0.6332663344975937,0.6646733045762498
4.886784021194939,-4.3359403329681205,0.6344547650083028,0.6632342117904846
4.838828614220826,-4.342387037998349,0.6355946279667238,0.662518861749605
4.790875261879893,-4.346516952784518,0.6376734897181907,0.6597471228428499
4.743027514312368,-4.34830420665266,0.6392176987934745,0.6591839755660506
4.695387745314924,-4.347722908878508,0.6418637574131648,0.6543483005348565
4.648059344394958,-4.344747043653548,0.6442639186011241,0.6519373049457912
4.601127049390476,-4.339371034439875,0.6454972582260339,0.6519671476043019
4.55460044577755,-4.331671058531571,0.6470038658642018,0.6505126590466149
4.508470354940603,-4.321743745142679,0.6489249819251469,0.6485589196346466
4.462727605425789,-4.3096857404925775,0.6489333320240773,0.6487755905300184
4.417363026870887,-4.295593707037621,0.6491979358232572,0.6495262393837972
4.3723674459817605,-4.279564321620504,0.6499553299708156,0.648526573714544
4.327731684207607,-4.2616942731881595,0.6492110720500829,0.6493740123479143
4.2834465566726285,-4.242080260499746,0.6476494956345648,0.6518700448821461
4.239502871952917,-4.220818990056274,0.6471111795907266,0.6520620604732578
4.195891432372359,-4.1980071743514324,0.6454414115005374,0.6537953645002607
4.152603034584556,-4.1737415304636345,0.6425148188933524,0.656976470695952
4.109628470290015,-4.148118778969099,0.6405588576008062,0.65905590093055
4.066958527002047,-4.121235643141568,0.6377931179146278,0.66185791770134
4.024584172202457,-4.093188972583087,0.6338942552487805,0.6654204637618502
3.982502246494165,-4.064079788061515,0.6312899795481796,0.6657076932805756
3.9406955640009165,-4.033999481576467,0.6305771994533113,0.6669538524955348
3.8991551085722,-4.003044770806018,0.6318837722884431,0.66686525445334
3.8578719477958217,-3.971312480660193,0.6349102501437713,0.6640165448077974
3.8168371678805526,-3.9388994957098213,0.6383068582928882,0.6614197368049568
3.7760418389181463,-3.9059027273092237,0.6430884036077107,0.6567211352369097
3.7354770041047574,-3.872419096441186,0.6473969148795002,0.6525413738027771
3.6951336835601882,-3.838545528294354,0.6516700064474207,0.648298038740518
3.6550028851240666,-3.8043789537279786,0.6555951388882378,0.6443473712008768
3.615075616773023,-3.7700163132480524,0.6505160881713523,0.6418745335366612
3.5753428963354073,-3.7355545592727015,0.6467442372163327,0.6403842556349555
3.535795289154766,-3.7010902464157223,0.6473546447487024,0.640914405558895
3.496421617853794,-3.666718398094795,0.652216331101193,0.6457387778306946
3.4572141452310476,-3.632537044274443,0.6592019846599401,0.654627019462898
3.418163642038097,-3.5986429173666146,0.6591337149241346,0.6672664585755586
3.379260878838883,-3.565132749741839,0.6620187958067995,0.6832855267941186
3.340494846657329,-3.532085834450501,0.6690334904302861,0.7022944151525423
3.3018474188474807,-3.4995117076697673,0.6799794016527528,0.7239589380680989
3.2632986893213376,-3.467402466148953,0.6945973217595175,0.7479727591768475
3.2248287519953314,-3.4357502063910217,0.7125964806640492,0.7740503529529307
3.1864177008400465,-3.4045470246784593,0.7336715309245585,0.8019317147469225
3.148045629921548,-3.373785017091104,0.757517199006941,0.8313843862724891
3.109692633431317,-3.343456279514174,0.7838396031375137,0.8622035365300994
3.0713388057013242,-3.313552907634674,0.8123640437927514,0.8942107632422086
3.0329642412005517,-3.284066996924597,0.8428396217526782,0.9272521451454752
2.994549034508918,-3.254990642609482,0.8750413116118215,0.913835192660732
2.9560732802647065,-3.2263159396214314,0.8923636086796526,0.8817254615707824
2.917517073081644,-3.1980349825361363,0.8582090861614671,0.8482445253210371
2.878860507432876,-3.1701398654946424,0.8257860254447349,0.8165692790825324
2.840083757339229,-3.142622738287375,0.7952712877779151,0.7868830448849502
2.801166698273057,-3.1154755400916416,0.7668620193488497,0.7593887032154837
2.7620893752664295,-3.08869033559304,0.7407748883238895,0.7343072593127054
2.7228318854854194,-3.062259226411933,0.7172430892376598,0.7118740253776304
2.6833743265516685,-3.0361743140706468,0.6965112032810566,0.6923325464451874
2.6436967963353295,-3.010427699814174,0.6788275187422912,0.675925986017303
2.603779392818266,-2.9850114844940796,0.6644336979061749,0.6628860391188857
2.563602214020481,-2.9599177685054667,0.6535522045672808,0.653420015754778
2.523145357980986,-2.9351386517662466,0.6463725310443733,0.6476973550314384
2.482388922783722,-2.910666233728423,0.6428594343456167,0.6458373451643089
2.4413130066194646,-2.8864926134121993,0.6405186641851959,0.6427576431650253
2.3998977078751618,-2.862609889454944,0.6385908330028385,0.6425656815463909
2.3581231252425874,-2.8390101601681668,0.6371120075858329,0.6455179547465701
2.315969357838499,-2.815685523596743,0.6361377699579576,0.6516108521031229
2.2734165053281545,-2.792628077575217,0.6355781330583273,0.6608032579832154
2.230444876887559,-2.7698300294074754,0.6355590728631854,0.6642239734684667
2.187034269537,-2.747283313447531,0.6371548528714888,0.66263416046322
2.143170438788128,-2.7249839990803015,0.6392186280276287,0.6606073780591976
2.09886211161603,-2.7029442116503204,0.6417288076131821,0.6581363619007367
2.0541237370178758,-2.6811800783719337,0.6451458256117191,0.6548621036789803
2.008969764345219,-2.659707725362612,0.6493533222954233,0.6506523050442914
1.9634146436881685,-2.638543277804102,0.6540296276285568,0.6459735209477285
1.9174728263102239,-2.617702860094727,0.6591813021957752,0.640819190726517
1.8711587650762564,-2.597202595963797,0.6637886236733805,0.6360208790382617
1.8244869148098848,-2.5770586085211513,0.6688458237301435,0.6309170154043253
1.7774717325019846,-2.5572870202142566,0.6743954797292291,0.6253146047750616
1.73012767727239,-2.5379039526641574,0.6791577782555099,0.6200743252792104
1.6824692099642151,-2.5189255263515555,0.6827382713239828,0.6163350000046449
1.6345107922320676,-2.5003678601286743,0.6868301271731404,0.6121503453014265
1.5862668849833546,-2.482247070545282,0.6914419652494214,0.6079426262841091
1.537751946062807,-2.4645792710027723,0.6916484687454652,0.6063297360099164
1.488980427153281,-2.4473805707913936,0.6923547154318759,0.605466884237954
1.4399667700175378,-2.43066707412212,0.6936044636083432,0.6043759089860702
1.3907273179811366,-2.414455498673402,0.6923630714671293,0.605698995124538
1.3412736888347307,-2.398760998410785,0.6887371225491019,0.6094791785695427
1.2916197769529967,-2.3835995421212717,0.6843618262976067,0.6147099256834667
1.241780111261555,-2.368987306721129,0.6771269916011315,0.621974798862268
1.19176924782107,-2.3549404719709957,0.6703275083253237,0.6295039234048779
1.141601751742554,-2.3414752139410764,0.6611657610009645,0.6385378785208706
1.0912921866203886,-2.3286077016429685,0.6526131836446353,0.6471660028543786
1.0408551101391987,-2.3163540958914264,0.6435650331795226,0.6564018137756509
0.9903050740534408,-2.304730549466663,0.6347964244413093,0.6651860423062725
0.9396566269581561,-2.2937532078560574,0.6267276166517669,0.673241956274951
0.8889243186633434,-2.283438210078836,0.6193801214051475,0.680569420883824
0.8381227052734119,-2.2738016892631507,0.6127473548410917,0.6871956854865265
0.7872659117501564,-2.2648596980613327,0.6068714456366546,0.6930702041646813
0.7363684436597471,-2.256628364466031,0.601679520966153,0.6982966906618189
0.6854447180441073,-2.249123799255173,0.596249236548444,0.703716397841695
0.6345091554201558,-2.2423621138353407,0.5915591381461659,0.708409627870897
0.5835761763247047,-2.236359419608975,0.5868578365497528,0.7131054572261457
0.5326602013112877,-2.231131827972753,0.5827975184288197,0.7171613140752614
0.4817756509472956,-2.226695450316176,0.5789916443312872,0.7209761284102572
0.43093694581144887,-2.223066398020334,0.5757001301537727,0.7242661205398281
0.38015850649150823,-2.220260782456824,0.5729007855532436,0.7270703688484699
0.32945475358221155,-2.2182947149868126,0.5705186198236007,0.7294523931895218
0.27884010768357903,-2.2171843069602124,0.5690659414701972,0.7307380191550142
0.2283291680278566,-2.216945668997606,0.5690366232419222,0.7307950529221084
0.17793612098046854,-2.2175949079922144,0.5698993613884151,0.7299652204702252
0.12767535946691505,-2.219148139181155,0.5716651733349214,0.7282322870086192
0.07756133319387104,-2.2216214766536693,0.5745419232508269,0.7254600456524601
0.02760849015629141,-2.225031032610922,0.5786925138267274,0.7213003459786346
-0.02216872290436611,-2.229392917365377,0.5837929778710137,0.7161919105680302
-0.07175586002296988,-2.2347232392837935,0.5898595176411967,0.7101191876291829
-0.12113847554956311,-2.24103810467115,0.5964003487255617,0.7033260850410957
-0.1703021237354412,-2.248353617597237,0.6029986184167703,0.6966767730756066
-0.21923235839958877,-2.2566858796729674,0.610607652881665,0.6889992706602077
-0.26791473271535793,-2.2660509897907737,0.6192536490104597,0.680285965077593
-0.3163347991681138,-2.276465043853868,0.6280736911200903,0.6712461473193101
-0.36447810974729494,-2.2879441345334186,0.635421505159591,0.6633483087502928
-0.4123302164478369,-2.3005043511108902,0.6438644659276607,0.6547774776160898
-0.45987667216154926,-2.314161779483998,0.653428663370574,0.6450899657219316
-0.5071030320295474,-2.3289325024350167,0.6630812144727956,0.6354805485468598
-0.5539948552935483,-2.344832600273285,0.6694721143998065,0.6278276362784043
-0.6005377076142294,-2.361878151958413,0.6770554873374192,0.6200688887870857
-0.6467171637151458,-2.3800852367744505,0.6858504276408264,0.6111116419887116
-0.6925188100652433,-2.3994699365457386,0.6956052400719964,0.6033236478699787
-0.7379232201123953,-2.420045983050366,0.7007563234836359,0.5973887522375694
-0.7829117642760917,-2.4418240975426535,0.7052102186136426,0.5935881185392432
-0.8274137544534503,-2.464778513967811,0.7079771979965359,0.5910976760387066
-0.8713471525248353,-2.488874997739543,0.7092120041589683,0.5900758307192817
-0.9146299032474741,-2.5140792786765402,0.7106099183797592,0.5891162556624296
-0.9571799651030679,-2.540357067265031,0.7106147153816418,0.5890693688434394
-0.9989153233222244,-2.567674064670803,0.7114219762989415,0.5884782387099015
-1.0397539915211182,-2.595995967168199,0.7123169002915682,0.5876131434092486
-1.0796140122432407,-2.6252884700280026,0.7143491484814238,0.5856533463792414
-1.1184134426613648,-2.655517259710017,0.7175607450521755,0.5824359976571534
-1.1560702109989516,-2.6866478919423056,0.7212782751073814,0.5764317084477368
-1.1925020989679955,-2.7186457371021566,0.7261822043659786,0.5684021835737634
-1.227626930018559,-2.7514761061406428,0.7296036037262494,0.5629687435443703
-1.2613625238388617,-2.785104190510214,0.7331931577204752,0.5600755893688434
-1.2936266932396727,-2.8194950221142947,0.7346427534144679,0.5596160447069257
-1.3243373063538393,-2.8546134926648836,0.7335923957155378,0.5614375185256109
-1.3534124485927073,-2.890424509844789,0.7312894732654154,0.564412461062078
-1.3807706812325369,-2.9268933659688345,0.7257002864097207,0.5688023875859983
-1.4063371295013911,-2.9639951549958434,0.7196747596605908,0.5745637487633678
-1.4300269921623767,-3.0016921571123127,0.7101125520161313,0.5817316422101689
-1.451758134776572,-3.0399500206702648,0.7021591829003041,0.5901319198103875
-1.4714484352735901,-3.07873435099245,0.6915845580595146,0.5995343704131759
-1.4890158003636862,-3.1180107247085282,0.6830430930180088,0.6097192505192987
-1.5043781840755421,-3.1577447225199418,0.6733329445202147,0.6204821531840987
-1.5174535898961627,-3.1979019444118313,0.6653916339366465,0.631637559506641
-1.528160065356686,-3.2384480140996406,0.6576560202602808,0.6414440283378674
-1.536415694350514,-3.2793485778638165,0.6512845114591465,0.6478694459878593
-1.5421382980079492,-3.3205665755969846,0.6449931114610558,0.6531140453012295
-1.5452466224220796,-3.362069634920477,0.6398674146187288,0.6580648995977635
-1.5456589497890865,-3.4038249749983613,0.6374207191549469,0.6618664387773027
-1.5432933154719113,-3.4457982819829467,0.6335119212838476,0.6650535597277942
-1.5381025317866994,-3.487959906585665,0.6322160432412609,0.666694287618423
-1.5301784753286307,-3.5302989513916416,0.6315573598768087,0.6675315212584937
-1.519647819600514,-3.57280921408029,0.6318050520568417,0.6673397113907098
-1.5066372708091424,-3.6154845029097156,0.6337416427015367,0.6657791666944499
-1.4912735607968062,-3.6583186380035495,0.6356684372231515,0.6638421228823105
-1.4736834412248172,-3.7013054504306395,0.63965067608376,0.6602638680542634
-1.453994366367179,-3.744437345834077,0.6434072635896143,0.6563581759030659
-1.4323325824086142,-3.7877095443780693,0.6487973807259944,0.6509636546366133
-1.4088245859187527,-3.831116409020483,0.6534261909609248,0.6458494125196879
-1.383597317803243,-3.8746514503591403,0.6595817185220012,0.64005517587078
-1.3567776614281382,-3.9183083697470935,0.6646895057669915,0.6349104132623333
-1.3284925271096424,-3.962080869780037,0.6706681302473876,0.6290029284957234
-1.2988689761233283,-4.005962465358562,0.6757270327269105,0.6237790047713972
-1.2680347237943164,-4.049945802360303,0.6811406083350218,0.6184369336273322
-1.236122193869329,-4.094017251987223,0.6841398917200526,0.6138818731260284
-1.2033302224481872,-4.138075747028497,0.677466893150038,0.6103456725885288
-1.1696306932724636,-4.182322870125674,0.6720650468111244,0.6093514063223612
-1.1352161175538726,-4.226662064860057,0.6690616826002704,0.6103819852987507
-1.100222562824067,-4.2710748792410005,0.6684964548083534,0.612945324306312
-1.0647771455390564,-4.315554780833909,0.6701162146641972,0.616570252748753
-1.029006707814822,-4.360095599168012,0.6725104577555063,0.6208826502009523
-0.9930380527840932,-4.404691214789538,0.6728755118399741,0.6254675056388371
-0.9569979744226592,-4.449335520121876,0.6726283414330089,0.6273865047301059
-0.9210132640080357,-4.494022411042072,0.6724614024557647,0.6275422334136659
-0.8852107121260159,-4.53874578426711,0.6721356295965843,0.6278735734629489
-0.8497171096989319,-4.5834995359852915,0.671526089512101,0.6284767761730016
-0.814659249174162,-4.628277560203894,0.6698754990162396,0.6305454104794169
-0.7801639271310384,-4.673073745023866,0.6675921234025964,0.6335099542611227
-0.7463579521893855,-4.717881961177878,0.6647483016607931,0.6364767949532668
-0.7133681766491825,-4.762696015688017,0.659654099454009,0.6410183252425917
-0.6813189883328887,-4.80751118295746,0.6470431941488699,0.6493002981497994
-0.6503271019106173,-4.852325323791989,0.6326375541803314,0.6618466830062234
-0.6205958075825653,-4.897000234461377,0.6170027293671952,0.6783667621025676
-0.5920605500913687,-4.941800894092341,0.6002960770092507,0.6930752683217626
-0.5648851064794566,-4.986658237395546,0.5827301657341691,0.7082606452796248
-0.5392024794829222,-5.0315431518934295,0.5646093060371185,0.7202587514308484
-0.5151250867192662,-5.076457621782274,0.5466536022445441,0.7333650065633849
-0.49276391416487414,-5.121405812307147,0.530011439143772,0.7450236872351746
-0.4722296820167706,-5.166392290553873,0.5154347147476062,0.7554138454910966
-0.4536330359006261,-5.211421726546441,0.5014316840247196,0.7658097961610204
-0.43708459625663615,-5.256498804341252,0.48843687576103834,0.7703027929268812
-0.4226949769586386,-5.301628160856443,0.47720337929236184,0.7767618565655366
-0.4105747989841942,-5.346814268898344,0.46838158577708344,0.7783664116173982
-0.40083471692664246,-5.392061041400151,0.46184094524151603,0.7756684169907265
-0.3935852594874863,-5.437371788876316,0.45666473519053136,0.7688665145386236
-0.38891257343296054,-5.482727500857835,0.4533106489190596,0.7609500198972676
-0.3868073668120768,-5.528011507273919,0.4519639592394027,0.7530935125548289
-0.38723639300058343,-5.573084404459044,0.4526081137783344,0.7448471507112496
-0.39016671270982195,-5.617808088902473,0.4551878750057844,0.7380130147961924
-0.39556588812735827,-5.662044654145115,0.45961112125685755,0.7321703090772083
-0.40340176185460186,-5.705654981786889,0.46575289121626207,0.7281026032631494
-0.41364207540735193,-5.748498516378913,0.4734612397298267,0.7262180913408014
-0.42625428225995726,-5.790433932623363,0.4825643459483184,0.7264547416743582
-0.4412031761052841,-5.831313805652376,0.4928764155478589,0.7276009069313379
-0.4584583148444796,-5.871005040104694,0.5042099033295707,0.7298007537981988
-0.4779865162715172,-5.909365799902324,0.5163763291923087,0.7319598902185831
-0.49975461531719106,-5.946254991559808,0.5291934254508596,0.7309656495501721
-0.5237292535168026,-5.9815316478754506,0.5424890923657578,0.7268970223256384
-0.5498765810660753,-6.015054596646023,0.5561044403202826,0.7201477919385381
-0.5781615917513035,-6.046682025457431,0.5698959993203307,0.7049652104970868
-0.6085362957348475,-6.076299717661623,0.5837678594858369,0.6920759172378145
-0.6409299769256176,-6.103926250224834,0.5977751702707574,0.6818665573946081
-0.6752571682716145,-6.129600388467972,0.6120197502946846,0.6699891934413567
-0.7114127911451295,-6.153346487032625,0.6263746512243342,0.654630831621684
-0.7493031770081422,-6.175199306464403,0.6408194739362796,0.6414903799947917
-0.7888346514430591,-6.1951936093395155,0.6558605325784465,0.6305237729941233
-0.8299135347095606,-6.2133641608540655,0.67161880530705,0.6151467179038851
-0.8724461423372731,-6.229745729169278,0.6882090427251681,0.6012801392407364
-0.9163387857046692,-6.244373085573001,0.7056418887335325,0.5892399623139263
-0.9614977725741817,-6.257281004511757,0.7218824032436791,0.5774317944017603
-1.0078294075685932,-6.268504263538504,0.7348476697542092,0.5650955484554774
-1.0552399925857472,-6.27807764321172,0.7453120789556558,0.5544056503081256
-1.1036358271562972,-6.28603592697222,0.7546523764576167,0.5452673515903385
-1.1529232087555306,-6.292413901016214,0.7627308180962243,0.5369776223269576
-1.2030084330847173,-6.297246354176369,0.7694748504594436,0.5302078507194464
-1.2537977943420022,-6.30056807781697,0.7748979420345267,0.5246486489248523
-1.305198168839961,-6.302413878380898,0.7791640722955856,0.520203118173351
-1.357116159229234,-6.302818502100221,0.7822340462677745,0.5171772039714074
-1.4094578259614217,-6.301816685990754,0.7843207789488253,0.5154669533313295
-1.462129353811996,-6.299443190257265,0.7873422363106515,0.512087682185892
-1.5150369596548712,-6.295732787376899,0.7894006906321821,0.5100258281291855
-1.5680868825436698,-6.290720257763785,0.7904314538386508,0.5092630026122813
-1.6211853770516316,-6.284440387052194,0.7925576280271451,0.5068063337066676
-1.6742387087568635,-6.276927964367815,0.7941380275660779,0.5052361268909167
-1.7271531511456997,-6.268217781210509,0.7946966350345018,0.5048687450409199
-1.7798349834612859,-6.258344630721426,0.7963034759258151,0.5029855608226174
-1.8321904891884697,-6.247343307195646,0.7977925975860495,0.5014998863053395
-1.884125954971953,-6.23524860575453,0.7981733780800366,0.5011537980333342
-1.9355476698324399,-6.222095322124027,0.7995708574678483,0.4996328875665953
-1.986361924589161,-6.207918252485166,0.8012436402665809,0.49792758789044395
-2.0364905697454296,-6.192748538864109,0.8017704826967545,0.49738781895890577
-2.0859176901972845,-6.176602705517722,0.8028364091666815,0.49645457844799773
-2.1346429301113257,-6.159493622416003,0.8046949207118881,0.4945878336849255
-2.1826661451965865,-6.141434077800849,0.8060204040189208,0.4936708745986972
-2.2299867107273186,-6.122437037807661,0.8086300082315325,0.4906882902494954
-2.276604238289203,-6.102515392504495,0.81063253741418,0.4888380530277378
-2.3225183544485843,-6.08168202917118,0.8133373892577904,0.4859561853842062
-2.3677286822260806,-6.059949839641648,0.8162648656454782,0.4830261411735051
-2.4122348321092115,-6.03733172564717,0.818936497643969,0.48061135538902566
-2.45603639251572,-6.013840606042288,0.8226822284186893,0.4765830347895985
-2.4991329146916508,-5.989489429059189,0.8257849603136186,0.47366011781707545
-2.5415238853220252,-5.964291194996504,0.8296689944696928,0.46956330274921515
-2.5832086734910535,-5.938259000765585,0.8337525210928609,0.4654682958582128
-2.6241864220957543,-5.911406132436756,0.8376295603567468,0.46198275496711205
-2.6644558127967466,-5.883746269041608,0.8425769950869694,0.4565863295335259
-2.704016830277452,-5.855292264685588,0.8469228926800888,0.452258515142222
-2.742878260274643,-5.826050169083886,0.8503163374089855,0.44898927068909084
-2.781032723829095,-5.79603777636283,0.8543614741299628,0.4449162206014099
-2.818479823988451,-5.7652679780579374,0.8589107857396535,0.4403649674707276
-2.855219176789786,-5.733753660205329,0.862457625053447,0.4368184935051527
-2.891250407071194,-5.7015077051374705,0.8654411850626661,0.43428641554302816
-2.926573145737996,-5.668542992694011,0.8695329120141488,0.42978626639628076
-2.9611870279300097,-5.634872401072098,0.8732461582282244,0.4260928380729379
-2.995091691757187,-5.600508807456161,0.8759727633690483,0.4233973533490898
-3.028286777397073,-5.565465088519826,0.8787729218415553,0.420699932414608
-3.0607719264211273,-5.529754120866698,0.8824888562862634,0.41689591661485736
-3.0925467812593794,-5.493388781465419,0.8853402578983559,0.4140620102209392
-3.1236109847357456,-5.4563819481344185,0.8873139002362901,0.41218218179573707
-3.1539641796159827,-5.418746500143045,0.890217649323667,0.4092008186083564
-3.1836060081072386,-5.380495319023263,0.8931870063811042,0.4062516169393256
-3.212536111231234,-5.341641289738339,0.8952151841007722,0.40423115588257097
-3.240754127954541,-5.3021973024525355,0.8968849532872257,0.40258705057749394
-3.2682597410845973,-5.262176185253776,0.899964364706922,0.3987114265871144
-3.2950527257144233,-5.221590616226263,0.9029887903269077,0.39574145650624004
-3.321132655576583,-5.1804535657389215,0.9051224024692411,0.39366974985113706
-3.34649917055136,-5.138777911579739,0.9070230600014312,0.39248907856721377
-3.371151912474885,-5.096576530079452,0.9101564936129795,0.3890898644920737
-3.3950905247057492,-5.053862296417814,0.9134241531594477,0.38588177347100466
-3.4183146517963943,-5.010648084860476,0.915822420964838,0.383535459433752
-3.4408239392421383,-4.966946768943508,0.9176143095695204,0.38202458666115957
-3.4626180332881056,-4.922771221618301,0.9202593290732561,0.3794100690721471
-3.483696580779663,-4.878134315366336,0.922834708391483,0.376854666269899
-3.504059229045812,-4.833048922290877,0.9245781638219823,0.375134285515132
-3.5237056258075805,-4.787527914191249,0.9255465364061713,0.3742436957368395
-3.5426354191056477,-4.741584162623788,0.9269915868834006,0.3729343162438147
-3.56084825724276,-4.695230538952876,0.9279398740450367,0.3720036285388672
-3.57834378873762,-4.648479914394732,0.9280773356058181,0.3718809754501561
-3.5951216622877453,-4.601345160056265,0.9274419547096427,0.37256491328235836
-3.611181526739334,-4.553839146971045,0.9265762932913878,0.37342588178898756
-3.6265230310626158,-4.505974746134621,0.9249322195926082,0.37507038953634025
-3.641145824331535,-4.457764828541229,0.922494915406865,0.3775081649721365
-3.6550493909228883,-4.409222857788484,0.9190453608340712,0.38089970875543017
-3.6682331002717725,-4.360362886266905,0.9144450793708884,0.3855111104385917
-3.680697209336919,-4.311195658535877,0.9090634166962775,0.39090421621872534
-3.692441341560007,-4.261734077775036,0.9029045599853981,0.39707511023222564
-3.703465122959272,-4.2119910479831875,0.8959837830290763,0.4039821048124068
-3.7137681824170707,-4.161979472157306,0.888379568399374,0.41156537737346344
-3.7233501516813363,-4.111712251188126,0.8800106087966654,0.41991427345096083
-3.732210665193107,-4.061202283293209,0.8708810091552917,0.4290246075300291
-3.7403493598233277,-4.010462463826754,0.8610561776120312,0.43889214415755556
-3.747766079850911,-3.959506413433079,0.8519903035388169,0.4475444217214528
-3.754461492499029,-3.9083506625650144,0.8425406978581355,0.45693249772320377
-3.7604364718441854,-3.857012467527061,0.8323501676926202,0.46706333160318236
-3.7656918932979173,-3.8055090827182037,0.8214859954840544,0.47793046612570855
-3.7702286333999826,-3.7538577609905706,0.8117566138517656,0.486995702554472
-3.774047569650264,-3.702075754024865,0.8031560818424885,0.49541144360129585
-3.7771495803788904,-3.650180312722821,0.79390600653075,0.5045536426947458
-3.779535544654107,-3.5981886876255595,0.7839389222671977,0.5144167701648816
-3.781206342228552,-3.546118129375439,0.7751055490446187,0.5231741502254671
-3.782162853526727,-3.493985889247267,0.7687138572423629,0.5285235411596678
-3.7824059596796733,-3.441809219786341,0.762486133668933,0.5345728761226924
-3.781936542617448,-3.389605375605775,0.755552183623739,0.5413392575039456
-3.780755485236797,-3.337391614416714,0.749718866904549,0.5488189029812324
-3.7788638288944085,-3.285188850842174,0.7467256278959448,0.5501473987342754
-3.7762623772096258,-3.23301026887844,0.745200888726394,0.5517495579656697
-3.7729519722477822,-3.180872739791272,0.7433377276681683,0.5540699007693825
-3.768933476863445,-3.1287936201046844,0.7433951330209428,0.5553347746822058
-3.764207758917843,-3.0767902514895953,0.7455116425381565,0.5529392472926625
-3.758775690162664,-3.0248799601099354,0.7473550754352606,0.5512328280000272
-3.7526381452983886,-2.9730800576803857,0.7491064676632951,0.5502414822696908
-3.7457960012369456,-2.9214078433075823,0.7525796128100444,0.5468714452305966
-3.7382501365578262,-2.8698806055736674,0.7561417229472965,0.5433919306899767
-3.730001431133054,-2.818515624584663,0.7589876282158493,0.5406132110239277
-3.721050765896883,-2.7673301738713008,0.761973204373618,0.5379735493858494
-3.7113990227439864,-2.716341522128398,0.7651233254077151,0.5348302764023795
-3.7010470845517,-2.6655669348380893,0.7675463603271355,0.5324242452581436
-3.68999583533738,-2.615023675863429,0.7692237811066382,0.5307584717011367
-3.678246160582745,-2.564729009138175,0.7698850524311932,0.5300343349502556
-3.665798947786929,-2.514700200629493,0.7698089386952358,0.5300825170828384
-3.6526550873561257,-2.4649545208306254,0.7689915845324302,0.530878541702249
-3.6388154740123184,-2.415509248172859,0.7668314315480416,0.5331813072426
-3.6242822846837486,-2.3663858711021306,0.7634685053854082,0.5365405978085056
-3.6090552237880043,-2.3175972884656315,0.7593566465205606,0.5406505249738568
-3.5931348055303847,-2.269159637872204,0.7547085743886719,0.5452587222316174
-3.5765219192785414,-2.221090327596318,0.749370300636273,0.5505802651961224
-3.5592174653856254,-2.1734067691679106,0.7433031760781532,0.5566624490940149
-3.5412223502554125,-2.126126362864781,0.7375498287034545,0.5622090500752566
-3.522537483290359,-2.0792664914942574,0.7313746459418562,0.5683461627391432
-3.5031637754631255,-2.0328445196091653,0.7245280881055357,0.5752615205515565
-3.4831021391465664,-1.9868777958486135,0.7187016655332028,0.58065181823816
-3.4623534889031893,-1.9413836568728968,0.7127979677227283,0.5864936108222328
-3.440918743055539,-1.896379432025302,0.7062785295576223,0.5931393843505567
-3.41879882597268,-1.8518824483029668,0.7013553417810815,0.5974245897683614
-3.395994671086625,-1.8079100354627666,0.6968054329094768,0.601877996262437
-3.3725072246712173,-1.7644795311451513,0.6917136032796367,0.6071688903013314
-3.3483374503325765,-1.721608285759791,0.6884409481052697,0.6109299358167128
-3.3234859602834694,-1.6793130435804442,0.6852392986105111,0.6141340219277285
-3.2979537646849235,-1.6376112618623249,0.6812665142362798,0.6182159564918569
-3.271741673294613,-1.5965200558055643,0.6782164686225135,0.6211802831635717
-3.2448505680451016,-1.556056665693057,0.6753775013657254,0.6240215059338614
-3.217281330971233,-1.5162383316714347,0.6716371608344717,0.6277770887421112
-3.189034844210256,-1.4770822937529122,0.6686765228779042,0.6307465131324725
-3.160111990003309,-1.4386057918176849,0.6659818635150901,0.6334431546793589
-3.1305136506981595,-1.4008260656164035,0.6623445394885878,0.6370709442888111
-3.100240708753245,-1.3637603547725599,0.6591771985860274,0.640248273045364
-3.0692940467429954,-1.3274258987845422,0.656476900585966,0.6429659942232154
-3.037674547364509,-1.291839937027198,0.6527685419096912,0.6466606304459958
-3.0053830934454733,-1.2570197087526125,0.6492475156754657,0.6502398656189124
-2.972420567953598,-1.222982453090182,0.6463039728748201,0.6531199734730931
-2.9387878540074235,-1.1897454090456197,0.6424116028477131,0.657031313869656
-2.904487851248503,-1.1573211889129529,0.6382863463553765,0.6611550040138486
-2.869531624434493,-1.1257039828766386,0.6351206742252156,0.664287200316134
-2.8339319027613863,-1.0948830316369125,0.6310152799616877,0.6684496583983898
-2.7977015981498825,-1.0648477520240431,0.6273847272601104,0.6720462077949404
-2.760853622660524,-1.035587560553308,0.6240676636818582,0.6753556235313601
-2.723400888498363,-1.0070918734560248,0.6198547500719721,0.6796515503942296
-2.6853563080196,-0.9793501067075849,0.6168195406249153,0.6826066654019519
-2.6467327937398086,-0.9523516760525271,0.6134573097399123,0.6859655714402907
-2.607543258343644,-0.9260859970268888,0.6096158354809037,0.6899872044043321
-2.567800614695714,-0.9005424849779319,0.6070647085144659,0.692359698179169
-2.527517775852364,-0.8757105550813906,0.6037905679889447,0.6956213420633462
-2.486707655073963,-0.8515796223563079,0.600865643107224,0.6985816607626884
-2.4453831658374434,-0.8281391016776397,0.5987105221138367,0.7006686529002903
-2.4035572224184283,-0.8053784080904035,0.5958067431615356,0.7036071428152787
-2.361242693023774,-0.7832869327846246,0.5942577330606351,0.70504309057513
-2.3184524523294807,-0.7618540736837368,0.5927634979193579,0.7065486814550209
-2.2751994112468443,-0.7410692484547335,0.5907182699333,0.7088507750587631
-2.2314964809563675,-0.7209218745337673,0.5901629869487799,0.7092256543640647
-2.1873565728531337,-0.7014013691090293,0.5893989372919417,0.7099958541353949
-2.1427925984997254,-0.6824971491121561,0.5882999483888925,0.711362613406177
-2.0978174695865897,-0.6641986312165034,0.5887528879803188,0.7107216323668112
-2.0524440978993934,-0.6464952318407581,0.5887010667657518,0.7107822697789937
-2.006685395292626,-0.6293763671564774,0.5887575926284274,0.710904659767878
-1.9605542736690118,-0.6128314530985218,0.5899517866439629,0.7095999809572127
-1.9140636449640311,-0.5968499053774152,0.5906151727967976,0.7089439527131121
-1.8672264211350877,-0.5814211394929387,0.5917953861791138,0.7078045552284421
-1.8200555141545813,-0.5665345707482966,0.5937635147673915,0.7058383129423658
-1.7725638784873006,-0.5521796268288944,0.5951360857157882,0.704469349008349
-1.724765145290983,-0.5383459247128912,0.5978540626315918,0.7004721599329399
-1.6766712816687221,-0.525022595401032,0.6019591706314968,0.6964691132275858
-1.6282952052057325,-0.5121990624830354,0.6055196220985789,0.6930105152699185
-1.5796498375006653,-0.49986474964681465,0.6086527235264682,0.6900834671574565
-1.5307481031087127,-0.488009080274553,0.6137136148705418,0.6856124020115726
-1.4816029286210008,-0.47662147715419645,0.6196570458646261,0.6797293838250902
-1.4322272419174265,-0.4656913622950685,0.6251203318604495,0.6743255076553883
-1.3826339716016403,-0.45520815682982546,0.6301156419269207,0.6693890896738811
-1.3328360466076101,-0.44516128098292834,0.6359279496017497,0.6639693149299651
-1.2828463959560685,-0.4355401540867066,0.642126680002433,0.6577935155790602
-1.2326779486340598,-0.4263341946286076,0.6478964967294725,0.6520436995726339
-1.182343633570414,-0.41753282031649036,0.6532449588082351,0.6467089409858013
-1.1318563796808034,-0.40912544815187923,0.6583251255911347,0.6416749052248218
-1.0812291159577618,-0.4011014945038336,0.6631470677434828,0.6368510564991763
-1.0304747715831368,-0.3934503751784235,0.6675783064954932,0.6324096787809099
-0.9796062760407312,-0.38616150548045436,0.6716384453685091,0.6283346450465256
-0.9286365592064834,-0.3792243002653892,0.6746122297472232,0.6250719260912934
-0.877578551392108,-0.37262817398039993,0.6763661486585439,0.623264302537905
-0.826445183315493,-0.36636254069420043,0.6777871989033167,0.6217961427355021
-0.7752493859683902,-0.3604168141159745,0.6788873431277684,0.6206560057827689
-0.7240037140787661,-0.3547803673445424,0.6789924253997838,0.6208596121100814
-0.672721594632271,-0.349442670160761,0.677182198361896,0.6226826244652147
-0.6214153861669272,-0.34439307832792104,0.6750381100345626,0.6249531587355025
-0.5700981786857748,-0.33962102581980547,0.6716141780195872,0.6283852342966639
-0.5187829351262578,-0.33511593174453513,0.6679237277775225,0.6320839755904599
-0.4674825858419854,-0.3308672114440087,0.6639687839606708,0.6360219010050912
-0.4162100502377589,-0.32686427900843756,0.6597779431370605,0.6401987238433775
-0.36497824333759127,-0.32309654803163623,0.6558674567624581,0.6440203665971769
-0.31380007819927763,-0.31955343188503116,0.6522862451758987,0.6475569078843817
-0.2626884669595618,-0.3162243438328216,0.6489130589678709,0.6507759694973322
-0.21165632142870577,-0.31309869709021254,0.6469929243065806,0.6525790998131433
-0.10988217938828981,-0.3074153857783115,0.6453350511498843,0.654213178920542
